{
  "Key":"david_level_5",
  "ServerType": "mines",
	"Name":"&c&lSeek and Destroy lvl 5",
	"Description":"Daily mob kill quest.",
  "Author": "SharkeyMyrl",
  "Quest":true,
	"Icon":{
		"material":"diamond"
	},
  "HasKingdomBuilding":[
		"mine",
		5
	],
  "NotCompleted": 50,

  "AllowRejoining": true,

  "CreateEntity": {
    "key": "kill_quest5",
    "skin": "FALLEN_MINER_LIGHT",
    "location": [2959.5, 93, 517.5, 225],
    "name": [
			"&6&lDavid",
			"&8&oQuest Giver"
		],
    "global": true
  },

  "AddProperty": ["kill_quest_five_p", "[kill_quest_five]"],

  "SetPersistent": [ "kill_quest_five", 0 ],
  "HighlightClickEntity": "kill_quest5",
  "LookDialog": [{"David": "Can you please kill 50 mimics for me."},"kill_quest5"],

  "Comment": "MobLoop",
  "SendMessage": "&6&lYou have killed [kill_quest_five]/50 mimics.",

  "KillMythicMob": ["MimicF4", 1],
  "AddPersistent": [ "kill_quest_five", 1 ],
  "Wait": 1,

  "If": [],
  "Equals": ["kill_quest_five", 50],
  "Skip": "MobKilled",
  "Skip": "MobLoop",
  "Comment": "MobKilled",
  "SendMessage": "&2&lYou have killed 50/50 cave stalkers.",

  "Dialog": [{"David": "Come back to me in level five, to gather your rewards."}],
  "HighlightClickEntity": "kill_quest5",
  "SetPersistent": [ "kill_quest_five", 0 ],
  "Wait": 1,
  "Start": "david_level_5_rewards",
  "Hold": [],

  "Dialog": [{"David": "Thank you for helping me out [PLAYER], long live the king and queen."}],
  "CompleteKingdomQuest": []
}
