{
  "Key":"david_level_4",
  "ServerType": "mines",
	"Name":"&c&lSeek and Destroy lvl 4",
	"Description":"Daily mob kill quest.",
  "Author": "SharkeyMyrl",
  "Quest":true,
	"Icon":{
		"material":"ender_eye"
	},
  "HasKingdomBuilding":[
		"mine",
		4
	],
  "NotCompleted": 24,

  "AllowRejoining": true,

  "CreateEntity": {
    "key": "kill_quest4",
    "skin": "FALLEN_MINER_LIGHT",
    "location": [2699.5, 66, 441.5, 225],
    "name": [
			"&6&lDavid",
			"&8&oQuest Giver"
		],
    "global": true
  },

  "AddProperty": ["kill_quest_four_p", "[kill_quest_four]"],

  "SetPersistent": [ "kill_quest_four", 0 ],
  "HighlightClickEntity": "kill_quest4",
  "LookDialog": [{"David": "Can you please kill 40 ore munchers for me."},"kill_quest5"],

  "Comment": "MobLoop",
  "SendMessage": "&6&lYou have killed [kill_quest_four]/40 ore munchers.",

  "KillMythicMob": ["CaveStalkerF3", 1],
  "AddPersistent": [ "kill_quest_four", 1 ],
  "Wait": 1,

  "If": [],
  "Equals": ["kill_quest_four", 40],
  "Skip": "MobKilled",
  "Skip": "MobLoop",
  "Comment": "MobKilled",
  "SendMessage": "&2&lYou have killed 40/40 cave stalkers.",

  "Dialog": [{"David": "Come back to me in level four, to gather your rewards."}],
  "HighlightClickEntity": "kill_quest4",
  "SetPersistent": [ "kill_quest_four", 0 ],
  "Wait": 1,
  "Start": "david_level_4_rewards",
  "Hold": [],

  "Dialog": [{"David": "Thank you for helping me out [PLAYER], long live the king and queen."}],
  "CompleteKingdomQuest": []
}
