{
  "Key":"david_level_2",
  "ServerType": "mines",
	"Name":"&c&lSeek and Destroy lvl 2",
	"Description":"Daily mob kill quest.",
  "Author": "SharkeyMyrl",
  "Quest":true,
	"Icon":{
		"material":"spider_eye"
	},
  "HasKingdomBuilding":[
		"mine",
		2
	],
  "NotCompleted": 12,

  "AllowRejoining": true,

  "CreateEntity": {
    "key": "kill_quest2",
    "skin": "FALLEN_MINER_LIGHT",
    "location": [2503.5, 64, 460.5, 225],
    "name": [
			"&6&lDavid",
			"&8&oQuest Giver"
		],
    "global": true
  },

  "AddProperty": ["kill_quest_two_p", "[kill_quest_two]"],

  "SetPersistent": [ "kill_quest_two", 0 ],
  "HighlightClickEntity": "kill_quest2",
  "LookDialog": [{"David": "Can you please kill 20 crawlers for me."},"kill_quest5"],

  "Comment": "MobLoop",
  "SendMessage": "&6&lYou have killed [kill_quest_two]/20 crawlers.",

  "KillMythicMob": ["CrawlerF2", 1],
  "AddPersistent": [ "kill_quest_two", 1 ],
  "Wait": 1,

  "If": [],
  "Equals": ["kill_quest_two", 20],
  "Skip": "MobKilled",
  "Skip": "MobLoop",
  "Comment": "MobKilled",
  "SendMessage": "&2&lYou have killed 20/20 cave stalkers.",

  "Dialog": [{"David": "Come back to me in level two, to gather your rewards."}],
  "HighlightClickEntity": "kill_quest2",
  "SetPersistent": [ "kill_quest_two", 0 ],
  "Wait": 1,
  "Start": "david_level_2_rewards",
  "Hold": [],

  "Dialog": [{"David": "Thank you for helping me out [PLAYER], long live the king and queen."}],
  "CompleteKingdomQuest": []
}
