{
  "Key":"daily_apple_3",
	"Name":"&c&lDaily Apple #3",
  "ServerType": "hub",
	"Description":"Apples Apples Everywhere!",
  "Author": "SharkeyMyrl",
	"Icon":{
		"material":"apple"
	},
  "PlayerJoin":[],
  "AllowRejoining": false,
  "NotCompleted": 24,

  "StoreRandom": ["hard",[
    [2061.5,118.0,658.5],
    [1988.5,99.0,529.5],
    [2048.5,42.0,550.5],
    [1906.5,56.0,529.0],
    [1980.0,94.0,685.5],
    [2078.5,45.0,588.0]
    ]],

  "CumulativePickupItem":["hard", "&cApple", "apple"],
  "Wait": 1,
  "Start": "daily_apple_3_rewards",
  "Hold":[],
  
  "Complete": "apples_everywhere"


}
