{
  "Key":"daily_apple_1",
	"Name":"&c&lDaily Apple #1",
  "ServerType": "hub",
	"Description":"Apples Apples Everywhere!",
  "Author": "SharkeyMyrl",
	"Icon":{
		"material":"apple"
	},
  "PlayerJoin":[],
  "AllowRejoining": false,
  "NotCompleted": 24,

  "StoreRandom": ["easy",[
    [1921.5,43.0,557.5],
    [2003.5,35.0,580.5],
    [1990.5,39.0,608.5],
    [1983.5,63.0,683.5],
    [1976.5,63.0,683.5],
    [2010.5,41.0,610.5],
    [1926.5,26.0,540.5],
    [2048.5,24.0,550.5],
    [2026.5,37.0,630.5],
    [1989.5,38.0,594.5],
    [1954.5,43.0,550.5],
    [1996.5,37.0,626.5],
    [2003.5,55.0,536.5],
    [2048.5,38.0,555.5],
    [1901.5,79.0,581.5],
    [1921.5,28.0,521.5]
    ]],

  "CumulativePickupItem":["easy", "&aApple", "apple"],
  "Wait": 1,
  "Start": "daily_apple_1_rewards",
  "Hold":[],

  "Complete": "daily_apple_1"
}
