{
  "Key":"kill_quest_level_five",
  "ServerType": "mines",
	"Name":"&c&lSeek and Destroy lvl 5",
	"Description":"Daily mob kill quest.",
	"Icon":{
		"material":"diamond"
	},
  "PlayerJoin":[],
  "NotCompleted": 30,

  "AllowRejoining": true,

  "CreateEntity": {
    "key": "kill_quest5",
    "skin": "FALLEN_MINER_LIGHT",
    "location": [2959.5, 93, 517.5, 225],
    "name": [
			"&6&lDavid",
			"&8&oQuest Giver"
		],
    "look": false,
    "global": true
  },

  "AddProperty": ["kill_quest_five", "kill_quest_five"],

  "HighlightClickEntity": "kill_quest5",
  "LookDialog": [{"David": "Can you please kill 30 mimics for me."},"kill_quest5"],
  "KillMythicMob": ["MimicF4",5],
  "SetPersistent": [ "kill_quest_five", 5 ],
  "SendMessage": "&6&lYou have killed 5/30 mimics, you need 25 more to complete quest.",
  "Wait": 1,
  "KillMythicMob": ["MimicF4",5],
  "SetPersistent": [ "kill_quest_five", 10 ],
  "SendMessage": "&6&lYou have killed 10/30 mimics, you need 20 more to complete quest.",
  "Wait": 1,
  "KillMythicMob": ["MimicF4",5],
  "SetPersistent": [ "kill_quest_five", 15 ],
  "SendMessage": "&6&lYou have killed 15/30 mimics, you need 15 more to complete quest.",
  "Wait": 1,
  "KillMythicMob": ["MimicF4",5],
  "SetPersistent": [ "kill_quest_five", 20 ],
  "SendMessage": "&6&lYou have killed 20/30 mimics, you need 10 more to complete quest.",
  "Wait": 1,
  "KillMythicMob": ["MimicF4",5],
  "SetPersistent": [ "kill_quest_five", 25 ],
  "SendMessage": "&6&lYou have killed 25/30 mimics, you need 5 more to complete quest.",
  "Wait": 1,
  "KillMythicMob": ["MimicF4",5],
  "SetPersistent": [ "kill_quest_five", 30 ],
  "SendMessage": "&2&lYou have killed 30/30 mimics.",
  "Wait": 1,
  "Dialog": [{"David": "Come back to me in level five, to gather your rewards."}],
  "HighlightClickEntity": "kill_quest5",
  "SetPersistent": [ "kill_quest_five", 0 ],
  "GiveItem": {
    "material": "diamond",
    "amount": 40
  },
  "Dialog": [{"David": "Thank you for helping me out [PLAYER], comeback in 30 hours. Long live the King and Queen."}],
  "Complete": "kill_quest_level_five"
}
