{
  "Key":"kill_quest_level_two",
  "ServerType": "mines",
	"Name":"&c&lSeek and Destroy lvl 2",
	"Description":"Daily mob kill quest.",
	"Icon":{
		"material":"spider_eye"
	},
  "PlayerJoin":[],
  "NotCompleted": 12,

  "AllowRejoining": true,

  "CreateEntity": {
    "key": "kill_quest2",
    "skin": "FALLEN_MINER_LIGHT",
    "location": [2503.5, 64, 460.5, 225],
    "name": [
			"&6&lDavid",
			"&8&oQuest Giver"
		],
    "look": false,
    "global": true
  },

  "AddProperty": ["kill_quest_two", "kill_quest_two"],

  "HighlightClickEntity": "kill_quest2",
  "LookDialog": [{"David": "Can you please kill 15 crawlers for me."},"kill_quest5"],
  "KillMythicMob": ["CrawlerF2",5],
  "SetPersistent": [ "kill_quest_two", 5 ],
  "SendMessage": "&6&lYou have killed 5/15 crawlers, you need 10 more to complete quest.",
  "Wait": 1,
  "KillMythicMob": ["CrawlerF2",5],
  "SetPersistent": [ "kill_quest_two", 10 ],
  "SendMessage": "&6&lYou have killed 10/15 crawlers, you need 5 more to complete quest.",
  "Wait": 1,
  "KillMythicMob": ["CrawlerF2",5],
  "SetPersistent": [ "kill_quest_two", 15 ],
  "SendMessage": "&2&lYou have killed 15/15 crawlers.",
  "Wait": 1,
  "Dialog": [{"David": "Come back to me in level two, to gather your rewards."}],
  "HighlightClickEntity": "kill_quest2",
  "SetPersistent": [ "kill_quest_two", 0 ],
  "GiveItem": {
    "material": "spider_eye",
    "amount": 25
  },
  "Dialog": [{"David": "Thank you for helping me out [PLAYER], comeback in 12 hours. Long live the King and Queen."}],
  "Complete": "kill_quest_level_two"
}
