{
  "Key":"kill_quest_level_one",
  "ServerType": "mines",
	"Name":"&c&lSeek and Destroy lvl 1",
	"Description":"Daily mob kill quest.",
	"Icon":{
		"material":"rotten_flesh"
	},
  "PlayerJoin":[],
  "NotCompleted": 6,

  "AllowRejoining": true,

  "CreateEntity": {
    "key": "kill_quest1",
    "skin": "FALLEN_MINER_LIGHT",
    "location": [2329.5, 71, 469.5, 225],
    "name": [
			"&6&lDavid",
			"&8&oQuest Giver"
		],
    "look": false,
    "global": true
  },

  "AddProperty": ["kill_quest_one", "kill_quest_one"],

  "HighlightClickEntity": "kill_quest1",
  "LookDialog": [{"David": "Can you please kill 10 zombies for me."},"kill_quest5"],
  "KillMythicMob": ["ShamblerF1E",5],
  "SetPersistent": [ "kill_quest_one", 5 ],
  "Wait": 1,
  "SendMessage": "&6&lYou have killed 5/10 zombies, you need 5 more to complete quest.",
  "KillMythicMob": ["ShamblerF1E",5],
  "SetPersistent": [ "kill_quest_one", 10 ],
  "Wait": 1,
  "SendMessage": "&2&lYou have killed 10/10 zombies.",
  "Wait": 1,
  "Dialog": [{"David": "Come back to me in level one, to gather your rewards."}],
  "HighlightClickEntity": "kill_quest1",
  "SetPersistent": [ "kill_quest_one", 0 ],
  "GiveItem": {
    "material": "rotten_flesh",
    "amount": 20
  },
  "Dialog": [{"David": "Thank you for helping me out [PLAYER], comeback in 6 hours. Long live the King and Queen."}],
  "Complete": "kill_quest_level_one"
}
