{
  "Key":"kill_quest_level_three",
  "ServerType": "mines",
	"Name":"&c&lSeek and Destroy lvl 3",
	"Description":"Daily mob kill quest.",
	"Icon":{
		"material":"scute"
	},
  "PlayerJoin":[],
  "NotCompleted": 18,

  "AllowRejoining": true,

  "CreateEntity": {
    "key": "kill_quest3",
    "skin": "FALLEN_MINER_LIGHT",
    "location": [2860.5, 66, 450.5, 225],
    "name": [
			"&6&lDavid",
			"&8&oQuest Giver"
		],
    "look": false,
    "global": true
  },

  "AddProperty": ["kill_quest_three", "kill_quest_three"],

  "HighlightClickEntity": "kill_quest3",
  "LookDialog": [{"David": "Can you please kill 20 cave stalkers for me."},"kill_quest5"],
  "KillMythicMob": ["CaveStalkerF3",5],
  "SetPersistent": [ "kill_quest_three", 5 ],
  "SendMessage": "&6&lYou have killed 5/20 cave stalkers, you need 15 more to complete quest.",
  "Wait": 1,
  "KillMythicMob": ["CaveStalkerF3",5],
  "SetPersistent": [ "kill_quest_three", 10 ],
  "SendMessage": "&6&lYou have killed 10/20 cave stalkers, you need 10 more to complete quest.",
  "Wait": 1,
  "KillMythicMob": ["CaveStalkerF3",5],
  "SetPersistent": [ "kill_quest_three", 15 ],
  "SendMessage": "&6&lYou have killed 15/20 cave stalkers, you need 5 more to complete quest.",
  "Wait": 1,
  "KillMythicMob": ["CaveStalkerF3",5],
  "SetPersistent": [ "kill_quest_three", 20 ],
  "SendMessage": "&2&lYou have killed 20/20 cave stalkers.",
  "Wait": 1,
  "Dialog": [{"David": "Come back to me in level three, to gather your rewards."}],
  "HighlightClickEntity": "kill_quest3",
  "SetPersistent": [ "kill_quest_three", 0 ],
  "GiveItem": {
    "material": "VenomousExtract",
    "amount": 30
  },
  "Dialog": [{"David": "Thank you for helping me out [PLAYER], comeback in 18 hours. Long live the King and Queen."}],
  "Complete": "kill_quest_level_three"
}
