{
  "Key":"kill_quest_level_four",
  "ServerType": "mines",
	"Name":"&c&lSeek and Destroy lvl 4",
	"Description":"Daily mob kill quest.",
	"Icon":{
		"material":"ender_eye"
	},
  "PlayerJoin":[],
  "NotCompleted": 24,

  "AllowRejoining": true,

  "CreateEntity": {
    "key": "kill_quest4",
    "skin": "FALLEN_MINER_LIGHT",
    "location": [2699.5, 66, 441.5, 225],
    "name": [
			"&6&lDavid",
			"&8&oQuest Giver"
		],
    "look": false,
    "global": true
  },

  "AddProperty": ["kill_quest_four", "kill_quest_four"],

  "HighlightClickEntity": "kill_quest4",
  "LookDialog": [{"David": "Can you please kill 25 ore munchers for me."},"kill_quest5"],
  "KillMythicMob": ["OreMuncherF4",5],
  "SetPersistent": [ "kill_quest_four", 5 ],
  "SendMessage": "&6&lYou have killed 5/25 ore munchers, you need 20 more to complete quest.",
  "Wait": 1,
  "KillMythicMob": ["OreMuncherF4",5],
  "SetPersistent": [ "kill_quest_four", 10 ],
  "SendMessage": "&6&lYou have killed 10/25 ore munchers, you need 15 more to complete quest.",
  "Wait": 1,
  "KillMythicMob": ["OreMuncherF4",5],
  "SetPersistent": [ "kill_quest_four", 15 ],
  "SendMessage": "&6&lYou have killed 15/25 ore munchers, you need 10 more to complete quest.",
  "Wait": 1,
  "KillMythicMob": ["OreMuncherF4",5],
  "SetPersistent": [ "kill_quest_four", 20 ],
  "SendMessage": "&6&lYou have killed 20/25 ore munchers, you need 5 more to complete quest.",
  "Wait": 1,
  "KillMythicMob": ["OreMuncherF4",5],
  "SetPersistent": [ "kill_quest_four", 25 ],
  "SendMessage": "&2&lYou have killed 25/25 ore munchers.",
  "Wait": 1,
  "Dialog": [{"David": "Come back to me in level four, to gather your rewards."}],
  "HighlightClickEntity": "kill_quest4",
  "SetPersistent": [ "kill_quest_four", 0 ],
  "GiveItem": {
    "material": "ender_eye",
    "amount": 35
  },
  "Dialog": [{"David": "Thank you for helping me out [PLAYER], comeback in 24 hours. Long live the King and Queen."}],
  "Complete": "kill_quest_level_four"
}
